0,-0.121699,-0.24321,-0.364346,-0.48492,-0.604747,-0.723641,-0.841419,-0.9579,-1.0729,-1.18625,-1.29777,-1.40729,-1.51464,-1.61966,-1.72217,-1.82203,-1.91909,-2.01318,-2.10417,-2.19191,-2.27628,-2.35713,-2.43435,-2.50782,-2.57742,-2.64304,-2.70459,-2.76197,-2.81509,-2.86387,-2.90823,-2.94811,-2.98345,-3.01418,-3.04027,-3.06167,-3.07834,-3.09028,-3.09744,-3.09983,-3.09744,-3.09028,-3.07834,-3.06167,-3.04027,-3.01418,-2.98345,-2.94811,-2.90823,-2.86387,-2.81509,-2.76197,-2.70459,-2.64304,-2.57742,-2.50782,-2.43435,-2.35713,-2.27628,-2.19191,-2.10417,-2.01318,-1.91909,-1.82203,-1.72217,-1.61966,-1.51464,-1.40729,-1.29777,-1.18625,-1.0729,-0.9579,-0.841419,-0.723641,-0.604747,-0.48492,-0.364346,-0.24321,-0.121699,-3.7962e-16,0.121699,0.24321,0.364346,0.48492,0.604747,0.723641,0.841419,0.9579,1.0729,1.18625,1.29777,1.40729,1.51464,1.61966,1.72217,1.82203,1.91909,2.01318,2.10417,2.19191,2.27628,2.35713,2.43435,2.50782,2.57742,2.64304,2.70459,2.76197,2.81509,2.86387,2.90823,2.94811,2.98345,3.01418,3.04027,3.06167,3.07834,3.09028,3.09744,3.09983,3.09744,3.09028,3.07834,3.06167,3.04027,3.01418,2.98345,2.94811,2.90823,2.86387,2.81509,2.76197,2.70459,2.64304,2.57742,2.50782,2.43435,2.35713,2.27628,2.19191,2.10417,2.01318,1.91909,1.82203,1.72217,1.61966,1.51464,1.40729,1.29777,1.18625,1.0729,0.9579,0.841419,0.723641,0.604747,0.48492,0.364346,0.24321,0.121699,0
0,-0.24321,-0.486045,-0.72813,-0.969093,-1.20856,-1.44617,-1.68154,-1.91432,-2.14415,-2.37068,-2.59355,-2.81242,-3.02695,-3.23682,-3.44169,-3.64126,-3.83521,-4.02325,-4.20509,-4.38044,-4.54904,-4.71063,-4.86495,-5.01176,-5.15086,-5.28201,-5.40501,-5.51968,-5.62584,-5.72332,-5.81198,-5.89168,-5.9623,-6.02372,-6.07585,-6.11861,-6.15194,-6.17579,-6.19011,-6.19488,-6.19011,-6.17579,-6.15194,-6.11861,-6.07585,-6.02372,-5.9623,-5.89168,-5.81198,-5.72332,-5.62584,-5.51968,-5.40501,-5.28201,-5.15086,-5.01176,-4.86495,-4.71063,-4.54904,-4.38044,-4.20509,-4.02325,-3.83521,-3.64126,-3.44169,-3.23682,-3.02695,-2.81242,-2.59355,-2.37068,-2.14415,-1.91432,-1.68154,-1.44617,-1.20856,-0.969093,-0.72813,-0.486045,-0.24321,-7.58654e-16,0.24321,0.486045,0.72813,0.969093,1.20856,1.44617,1.68154,1.91432,2.14415,2.37068,2.59355,2.81242,3.02695,3.23682,3.44169,3.64126,3.83521,4.02325,4.20509,4.38044,4.54904,4.71063,4.86495,5.01176,5.15086,5.28201,5.40501,5.51968,5.62584,5.72332,5.81198,5.89168,5.9623,6.02372,6.07585,6.11861,6.15194,6.17579,6.19011,6.19488,6.19011,6.17579,6.15194,6.11861,6.07585,6.02372,5.9623,5.89168,5.81198,5.72332,5.62584,5.51968,5.40501,5.28201,5.15086,5.01176,4.86495,4.71063,4.54904,4.38044,4.20509,4.02325,3.83521,3.64126,3.44169,3.23682,3.02695,2.81242,2.59355,2.37068,2.14415,1.91432,1.68154,1.44617,1.20856,0.969093,0.72813,0.486045,0.24321,0
0,-0.364346,-0.72813,-1.09079,-1.45177,-1.81051,-2.16646,-2.51907,-2.8678,-3.2121,-3.55145,-3.88532,-4.2132,-4.53459,-4.84899,-5.1559,-5.45487,-5.74543,-6.02713,-6.29953,-6.56222,-6.81479,-7.05686,-7.28804,-7.50799,-7.71635,-7.91283,-8.0971,-8.26888,-8.42791,-8.57395,-8.70677,-8.82617,-8.93195,-9.02396,-9.10206,-9.16612,-9.21605,-9.25177,-9.27323,-9.28038,-9.27323,-9.25177,-9.21605,-9.16612,-9.10206,-9.02396,-8.93195,-8.82617,-8.70677,-8.57395,-8.42791,-8.26888,-8.0971,-7.91283,-7.71635,-7.50799,-7.28804,-7.05686,-6.81479,-6.56222,-6.29953,-6.02713,-5.74543,-5.45487,-5.1559,-4.84899,-4.53459,-4.2132,-3.88532,-3.55145,-3.2121,-2.8678,-2.51907,-2.16646,-1.81051,-1.45177,-1.09079,-0.72813,-0.364346,-1.13652e-15,0.364346,0.72813,1.09079,1.45177,1.81051,2.16646,2.51907,2.8678,3.2121,3.55145,3.88532,4.2132,4.53459,4.84899,5.1559,5.45487,5.74543,6.02713,6.29953,6.56222,6.81479,7.05686,7.28804,7.50799,7.71635,7.91283,8.0971,8.26888,8.42791,8.57395,8.70677,8.82617,8.93195,9.02396,9.10206,9.16612,9.21605,9.25177,9.27323,9.28038,9.27323,9.25177,9.21605,9.16612,9.10206,9.02396,8.93195,8.82617,8.70677,8.57395,8.42791,8.26888,8.0971,7.91283,7.71635,7.50799,7.28804,7.05686,6.81479,6.56222,6.29953,6.02713,5.74543,5.45487,5.1559,4.84899,4.53459,4.2132,3.88532,3.55145,3.2121,2.8678,2.51907,2.16646,1.81051,1.45177,1.09079,0.72813,0.364346,0
0,-0.48492,-0.969093,-1.45177,-1.93221,-2.40967,-2.88342,-3.35272,-3.81685,-4.27509,-4.72674,-5.17111,-5.6075,-6.03524,-6.45368,-6.86216,-7.26007,-7.64678,-8.0217,-8.38426,-8.73388,-9.07004,-9.39221,-9.6999,-9.99263,-10.27,-10.5314,-10.7767,-11.0053,-11.217,-11.4114,-11.5881,-11.747,-11.8878,-12.0103,-12.1142,-12.1995,-12.266,-12.3135,-12.342,-12.3516,-12.342,-12.3135,-12.266,-12.1995,-12.1142,-12.0103,-11.8878,-11.747,-11.5881,-11.4114,-11.217,-11.0053,-10.7767,-10.5314,-10.27,-9.99263,-9.6999,-9.39221,-9.07004,-8.73388,-8.38426,-8.0217,-7.64678,-7.26007,-6.86216,-6.45368,-6.03524,-5.6075,-5.17111,-4.72674,-4.27509,-3.81685,-3.35272,-2.88342,-2.40967,-1.93221,-1.45177,-0.969093,-0.48492,-1.51263e-15,0.48492,0.969093,1.45177,1.93221,2.40967,2.88342,3.35272,3.81685,4.27509,4.72674,5.17111,5.6075,6.03524,6.45368,6.86216,7.26007,7.64678,8.0217,8.38426,8.73388,9.07004,9.39221,9.6999,9.99263,10.27,10.5314,10.7767,11.0053,11.217,11.4114,11.5881,11.747,11.8878,12.0103,12.1142,12.1995,12.266,12.3135,12.342,12.3516,12.342,12.3135,12.266,12.1995,12.1142,12.0103,11.8878,11.747,11.5881,11.4114,11.217,11.0053,10.7767,10.5314,10.27,9.99263,9.6999,9.39221,9.07004,8.73388,8.38426,8.0217,7.64678,7.26007,6.86216,6.45368,6.03524,5.6075,5.17111,4.72674,4.27509,3.81685,3.35272,2.88342,2.40967,1.93221,1.45177,0.969093,0.48492,0
0,-0.604747,-1.20856,-1.81051,-2.40967,-3.00512,-3.59593,-4.18119,-4.76001,-5.33149,-5.89475,-6.44892,-6.99314,-7.52658,-8.04842,-8.55785,-9.05408,-9.53635,-10.0039,-10.4561,-10.8921,-11.3113,-11.7131,-12.0968,-12.4619,-12.8077,-13.1338,-13.4397,-13.7248,-13.9888,-14.2312,-14.4516,-14.6498,-14.8254,-14.9781,-15.1077,-15.2141,-15.2969,-15.3562,-15.3918,-15.4037,-15.3918,-15.3562,-15.2969,-15.2141,-15.1077,-14.9781,-14.8254,-14.6498,-14.4516,-14.2312,-13.9888,-13.7248,-13.4397,-13.1338,-12.8077,-12.4619,-12.0968,-11.7131,-11.3113,-10.8921,-10.4561,-10.0039,-9.53635,-9.05408,-8.55785,-8.04842,-7.52658,-6.99314,-6.44892,-5.89475,-5.33149,-4.76001,-4.18119,-3.59593,-3.00512,-2.40967,-1.81051,-1.20856,-0.604747,-1.88641e-15,0.604747,1.20856,1.81051,2.40967,3.00512,3.59593,4.18119,4.76001,5.33149,5.89475,6.44892,6.99314,7.52658,8.04842,8.55785,9.05408,9.53635,10.0039,10.4561,10.8921,11.3113,11.7131,12.0968,12.4619,12.8077,13.1338,13.4397,13.7248,13.9888,14.2312,14.4516,14.6498,14.8254,14.9781,15.1077,15.2141,15.2969,15.3562,15.3918,15.4037,15.3918,15.3562,15.2969,15.2141,15.1077,14.9781,14.8254,14.6498,14.4516,14.2312,13.9888,13.7248,13.4397,13.1338,12.8077,12.4619,12.0968,11.7131,11.3113,10.8921,10.4561,10.0039,9.53635,9.05408,8.55785,8.04842,7.52658,6.99314,6.44892,5.89475,5.33149,4.76001,4.18119,3.59593,3.00512,2.40967,1.81051,1.20856,0.604747,0
0,-0.723641,-1.44617,-2.16646,-2.88342,-3.59593,-4.30289,-5.00322,-5.69583,-6.37967,-7.05366,-7.71678,-8.368,-9.00632,-9.63075,-10.2403,-10.8341,-11.4112,-11.9707,-12.5117,-13.0335,-13.5351,-14.0159,-14.475,-14.9119,-15.3257,-15.716,-16.0819,-16.4231,-16.739,-17.029,-17.2928,-17.53,-17.7401,-17.9228,-18.0779,-18.2052,-18.3043,-18.3753,-18.4179,-18.4321,-18.4179,-18.3753,-18.3043,-18.2052,-18.0779,-17.9228,-17.7401,-17.53,-17.2928,-17.029,-16.739,-16.4231,-16.0819,-15.716,-15.3257,-14.9119,-14.475,-14.0159,-13.5351,-13.0335,-12.5117,-11.9707,-11.4112,-10.8341,-10.2403,-9.63075,-9.00632,-8.368,-7.71678,-7.05366,-6.37967,-5.69583,-5.00322,-4.30289,-3.59593,-2.88342,-2.16646,-1.44617,-0.723641,-2.25728e-15,0.723641,1.44617,2.16646,2.88342,3.59593,4.30289,5.00322,5.69583,6.37967,7.05366,7.71678,8.368,9.00632,9.63075,10.2403,10.8341,11.4112,11.9707,12.5117,13.0335,13.5351,14.0159,14.475,14.9119,15.3257,15.716,16.0819,16.4231,16.739,17.029,17.2928,17.53,17.7401,17.9228,18.0779,18.2052,18.3043,18.3753,18.4179,18.4321,18.4179,18.3753,18.3043,18.2052,18.0779,17.9228,17.7401,17.53,17.2928,17.029,16.739,16.4231,16.0819,15.716,15.3257,14.9119,14.475,14.0159,13.5351,13.0335,12.5117,11.9707,11.4112,10.8341,10.2403,9.63075,9.00632,8.368,7.71678,7.05366,6.37967,5.69583,5.00322,4.30289,3.59593,2.88342,2.16646,1.44617,0.723641,0
0,-0.841419,-1.68154,-2.51907,-3.35272,-4.18119,-5.00322,-5.81753,-6.62288,-7.41801,-8.2017,-8.97275,-9.72996,-10.4722,-11.1982,-11.907,-12.5975,-13.2685,-13.919,-14.5481,-15.1548,-15.7381,-16.2971,-16.831,-17.3389,-17.8201,-18.2739,-18.6994,-19.0961,-19.4634,-19.8007,-20.1074,-20.3831,-20.6274,-20.8399,-21.0203,-21.1682,-21.2835,-21.366,-21.4156,-21.4321,-21.4156,-21.366,-21.2835,-21.1682,-21.0203,-20.8399,-20.6274,-20.3831,-20.1074,-19.8007,-19.4634,-19.0961,-18.6994,-18.2739,-17.8201,-17.3389,-16.831,-16.2971,-15.7381,-15.1548,-14.5481,-13.919,-13.2685,-12.5975,-11.907,-11.1982,-10.4722,-9.72996,-8.97275,-8.2017,-7.41801,-6.62288,-5.81753,-5.00322,-4.18119,-3.35272,-2.51907,-1.68154,-0.841419,-2.62467e-15,0.841419,1.68154,2.51907,3.35272,4.18119,5.00322,5.81753,6.62288,7.41801,8.2017,8.97275,9.72996,10.4722,11.1982,11.907,12.5975,13.2685,13.919,14.5481,15.1548,15.7381,16.2971,16.831,17.3389,17.8201,18.2739,18.6994,19.0961,19.4634,19.8007,20.1074,20.3831,20.6274,20.8399,21.0203,21.1682,21.2835,21.366,21.4156,21.4321,21.4156,21.366,21.2835,21.1682,21.0203,20.8399,20.6274,20.3831,20.1074,19.8007,19.4634,19.0961,18.6994,18.2739,17.8201,17.3389,16.831,16.2971,15.7381,15.1548,14.5481,13.919,13.2685,12.5975,11.907,11.1982,10.4722,9.72996,8.97275,8.2017,7.41801,6.62288,5.81753,5.00322,4.18119,3.35272,2.51907,1.68154,0.841419,0
0,-0.9579,-1.91432,-2.8678,-3.81685,-4.76001,-5.69583,-6.62288,-7.53971,-8.44491,-9.33709,-10.2149,-11.0769,-11.9219,-12.7484,-13.5554,-14.3414,-15.1053,-15.8459,-16.5621,-17.2527,-17.9167,-18.5531,-19.161,-19.7392,-20.287,-20.8036,-21.288,-21.7397,-22.1578,-22.5417,-22.8909,-23.2048,-23.4829,-23.7249,-23.9302,-24.0986,-24.2299,-24.3238,-24.3802,-24.399,-24.3802,-24.3238,-24.2299,-24.0986,-23.9302,-23.7249,-23.4829,-23.2048,-22.8909,-22.5417,-22.1578,-21.7397,-21.288,-20.8036,-20.287,-19.7392,-19.161,-18.5531,-17.9167,-17.2527,-16.5621,-15.8459,-15.1053,-14.3414,-13.5554,-12.7484,-11.9219,-11.0769,-10.2149,-9.33709,-8.44491,-7.53971,-6.62288,-5.69583,-4.76001,-3.81685,-2.8678,-1.91432,-0.9579,-2.98802e-15,0.9579,1.91432,2.8678,3.81685,4.76001,5.69583,6.62288,7.53971,8.44491,9.33709,10.2149,11.0769,11.9219,12.7484,13.5554,14.3414,15.1053,15.8459,16.5621,17.2527,17.9167,18.5531,19.161,19.7392,20.287,20.8036,21.288,21.7397,22.1578,22.5417,22.8909,23.2048,23.4829,23.7249,23.9302,24.0986,24.2299,24.3238,24.3802,24.399,24.3802,24.3238,24.2299,24.0986,23.9302,23.7249,23.4829,23.2048,22.8909,22.5417,22.1578,21.7397,21.288,20.8036,20.287,19.7392,19.161,18.5531,17.9167,17.2527,16.5621,15.8459,15.1053,14.3414,13.5554,12.7484,11.9219,11.0769,10.2149,9.33709,8.44491,7.53971,6.62288,5.69583,4.76001,3.81685,2.8678,1.91432,0.9579,0
0,-1.0729,-2.14415,-3.2121,-4.27509,-5.33149,-6.37967,-7.41801,-8.44491,-9.45879,-10.4581,-11.4413,-12.4068,-13.3532,-14.279,-15.1828,-16.0632,-16.9188,-17.7483,-18.5505,-19.324,-20.0678,-20.7806,-21.4614,-22.1091,-22.7227,-23.3012,-23.8438,-24.3497,-24.818,-25.2481,-25.6392,-25.9908,-26.3023,-26.5732,-26.8032,-26.9919,-27.1389,-27.2441,-27.3072,-27.3283,-27.3072,-27.2441,-27.1389,-26.9919,-26.8032,-26.5732,-26.3023,-25.9908,-25.6392,-25.2481,-24.818,-24.3497,-23.8438,-23.3012,-22.7227,-22.1091,-21.4614,-20.7806,-20.0678,-19.324,-18.5505,-17.7483,-16.9188,-16.0632,-15.1828,-14.279,-13.3532,-12.4068,-11.4413,-10.4581,-9.45879,-8.44491,-7.41801,-6.37967,-5.33149,-4.27509,-3.2121,-2.14415,-1.0729,-3.34675e-15,1.0729,2.14415,3.2121,4.27509,5.33149,6.37967,7.41801,8.44491,9.45879,10.4581,11.4413,12.4068,13.3532,14.279,15.1828,16.0632,16.9188,17.7483,18.5505,19.324,20.0678,20.7806,21.4614,22.1091,22.7227,23.3012,23.8438,24.3497,24.818,25.2481,25.6392,25.9908,26.3023,26.5732,26.8032,26.9919,27.1389,27.2441,27.3072,27.3283,27.3072,27.2441,27.1389,26.9919,26.8032,26.5732,26.3023,25.9908,25.6392,25.2481,24.818,24.3497,23.8438,23.3012,22.7227,22.1091,21.4614,20.7806,20.0678,19.324,18.5505,17.7483,16.9188,16.0632,15.1828,14.279,13.3532,12.4068,11.4413,10.4581,9.45879,8.44491,7.41801,6.37967,5.33149,4.27509,3.2121,2.14415,1.0729,0
0,-1.18625,-2.37068,-3.55145,-4.72674,-5.89475,-7.05366,-8.2017,-9.33709,-10.4581,-11.563,-12.65,-13.7175,-14.7639,-15.7875,-16.7868,-17.7602,-18.7062,-19.6234,-20.5103,-21.3656,-22.1879,-22.976,-23.7287,-24.4448,-25.1232,-25.7629,-26.3629,-26.9222,-27.44,-27.9155,-28.3479,-28.7366,-29.081,-29.3806,-29.6349,-29.8435,-30.006,-30.1223,-30.1922,-30.2155,-30.1922,-30.1223,-30.006,-29.8435,-29.6349,-29.3806,-29.081,-28.7366,-28.3479,-27.9155,-27.44,-26.9222,-26.3629,-25.7629,-25.1232,-24.4448,-23.7287,-22.976,-22.1879,-21.3656,-20.5103,-19.6234,-18.7062,-17.7602,-16.7868,-15.7875,-14.7639,-13.7175,-12.65,-11.563,-10.4581,-9.33709,-8.2017,-7.05366,-5.89475,-4.72674,-3.55145,-2.37068,-1.18625,-3.70033e-15,1.18625,2.37068,3.55145,4.72674,5.89475,7.05366,8.2017,9.33709,10.4581,11.563,12.65,13.7175,14.7639,15.7875,16.7868,17.7602,18.7062,19.6234,20.5103,21.3656,22.1879,22.976,23.7287,24.4448,25.1232,25.7629,26.3629,26.9222,27.44,27.9155,28.3479,28.7366,29.081,29.3806,29.6349,29.8435,30.006,30.1223,30.1922,30.2155,30.1922,30.1223,30.006,29.8435,29.6349,29.3806,29.081,28.7366,28.3479,27.9155,27.44,26.9222,26.3629,25.7629,25.1232,24.4448,23.7287,22.976,22.1879,21.3656,20.5103,19.6234,18.7062,17.7602,16.7868,15.7875,14.7639,13.7175,12.65,11.563,10.4581,9.33709,8.2017,7.05366,5.89475,4.72674,3.55145,2.37068,1.18625,0
0,-1.29777,-2.59355,-3.88532,-5.17111,-6.44892,-7.71678,-8.97275,-10.2149,-11.4413,-12.65,-13.8392,-15.0071,-16.1519,-17.2717,-18.365,-19.4299,-20.4648,-21.4682,-22.4385,-23.3742,-24.2738,-25.136,-25.9595,-26.7429,-27.4851,-28.1849,-28.8413,-29.4532,-30.0196,-30.5398,-31.0129,-31.4382,-31.815,-32.1427,-32.4209,-32.6491,-32.8269,-32.9541,-33.0306,-33.056,-33.0306,-32.9541,-32.8269,-32.6491,-32.4209,-32.1427,-31.815,-31.4382,-31.0129,-30.5398,-30.0196,-29.4532,-28.8413,-28.1849,-27.4851,-26.7429,-25.9595,-25.136,-24.2738,-23.3742,-22.4385,-21.4682,-20.4648,-19.4299,-18.365,-17.2717,-16.1519,-15.0071,-13.8392,-12.65,-11.4413,-10.2149,-8.97275,-7.71678,-6.44892,-5.17111,-3.88532,-2.59355,-1.29777,-4.0482e-15,1.29777,2.59355,3.88532,5.17111,6.44892,7.71678,8.97275,10.2149,11.4413,12.65,13.8392,15.0071,16.1519,17.2717,18.365,19.4299,20.4648,21.4682,22.4385,23.3742,24.2738,25.136,25.9595,26.7429,27.4851,28.1849,28.8413,29.4532,30.0196,30.5398,31.0129,31.4382,31.815,32.1427,32.4209,32.6491,32.8269,32.9541,33.0306,33.056,33.0306,32.9541,32.8269,32.6491,32.4209,32.1427,31.815,31.4382,31.0129,30.5398,30.0196,29.4532,28.8413,28.1849,27.4851,26.7429,25.9595,25.136,24.2738,23.3742,22.4385,21.4682,20.4648,19.4299,18.365,17.2717,16.1519,15.0071,13.8392,12.65,11.4413,10.2149,8.97275,7.71678,6.44892,5.17111,3.88532,2.59355,1.29777,0
0,-1.40729,-2.81242,-4.2132,-5.6075,-6.99314,-8.368,-9.72996,-11.0769,-12.4068,-13.7175,-15.0071,-16.2736,-17.5149,-18.7293,-19.9148,-21.0695,-22.1918,-23.2799,-24.3321,-25.3467,-26.3223,-27.2572,-28.1502,-28.9997,-29.8046,-30.5634,-31.2752,-31.9387,-32.553,-33.1171,-33.6301,-34.0912,-34.4998,-34.8552,-35.1569,-35.4043,-35.5972,-35.7352,-35.818,-35.8457,-35.818,-35.7352,-35.5972,-35.4043,-35.1569,-34.8552,-34.4998,-34.0912,-33.6301,-33.1171,-32.553,-31.9387,-31.2752,-30.5634,-29.8046,-28.9997,-28.1502,-27.2572,-26.3223,-25.3467,-24.3321,-23.2799,-22.1918,-21.0695,-19.9148,-18.7293,-17.5149,-16.2736,-15.0071,-13.7175,-12.4068,-11.0769,-9.72996,-8.368,-6.99314,-5.6075,-4.2132,-2.81242,-1.40729,-4.38983e-15,1.40729,2.81242,4.2132,5.6075,6.99314,8.368,9.72996,11.0769,12.4068,13.7175,15.0071,16.2736,17.5149,18.7293,19.9148,21.0695,22.1918,23.2799,24.3321,25.3467,26.3223,27.2572,28.1502,28.9997,29.8046,30.5634,31.2752,31.9387,32.553,33.1171,33.6301,34.0912,34.4998,34.8552,35.1569,35.4043,35.5972,35.7352,35.818,35.8457,35.818,35.7352,35.5972,35.4043,35.1569,34.8552,34.4998,34.0912,33.6301,33.1171,32.553,31.9387,31.2752,30.5634,29.8046,28.9997,28.1502,27.2572,26.3223,25.3467,24.3321,23.2799,22.1918,21.0695,19.9148,18.7293,17.5149,16.2736,15.0071,13.7175,12.4068,11.0769,9.72996,8.368,6.99314,5.6075,4.2132,2.81242,1.40729,0
0,-1.51464,-3.02695,-4.53459,-6.03524,-7.52658,-9.00632,-10.4722,-11.9219,-13.3532,-14.7639,-16.1519,-17.5149,-18.851,-20.158,-21.4339,-22.6767,-23.8846,-25.0557,-26.1881,-27.2802,-28.3302,-29.3365,-30.2975,-31.2119,-32.0781,-32.8948,-33.6609,-34.375,-35.0362,-35.6433,-36.1954,-36.6917,-37.1315,-37.514,-37.8387,-38.105,-38.3126,-38.4611,-38.5502,-38.58,-38.5502,-38.4611,-38.3126,-38.105,-37.8387,-37.514,-37.1315,-36.6917,-36.1954,-35.6433,-35.0362,-34.375,-33.6609,-32.8948,-32.0781,-31.2119,-30.2975,-29.3365,-28.3302,-27.2802,-26.1881,-25.0557,-23.8846,-22.6767,-21.4339,-20.158,-18.851,-17.5149,-16.1519,-14.7639,-13.3532,-11.9219,-10.4722,-9.00632,-7.52658,-6.03524,-4.53459,-3.02695,-1.51464,-4.72469e-15,1.51464,3.02695,4.53459,6.03524,7.52658,9.00632,10.4722,11.9219,13.3532,14.7639,16.1519,17.5149,18.851,20.158,21.4339,22.6767,23.8846,25.0557,26.1881,27.2802,28.3302,29.3365,30.2975,31.2119,32.0781,32.8948,33.6609,34.375,35.0362,35.6433,36.1954,36.6917,37.1315,37.514,37.8387,38.105,38.3126,38.4611,38.5502,38.58,38.5502,38.4611,38.3126,38.105,37.8387,37.514,37.1315,36.6917,36.1954,35.6433,35.0362,34.375,33.6609,32.8948,32.0781,31.2119,30.2975,29.3365,28.3302,27.2802,26.1881,25.0557,23.8846,22.6767,21.4339,20.158,18.851,17.5149,16.1519,14.7639,13.3532,11.9219,10.4722,9.00632,7.52658,6.03524,4.53459,3.02695,1.51464,0
0,-1.61966,-3.23682,-4.84899,-6.45368,-8.04842,-9.63075,-11.1982,-12.7484,-14.279,-15.7875,-17.2717,-18.7293,-20.158,-21.5556,-22.92,-24.249,-25.5406,-26.7929,-28.0038,-29.1716,-30.2944,-31.3704,-32.3981,-33.3759,-34.3021,-35.1755,-35.9947,-36.7583,-37.4653,-38.1145,-38.7049,-39.2357,-39.7059,-40.115,-40.4621,-40.7469,-40.9689,-41.1277,-41.223,-41.2548,-41.223,-41.1277,-40.9689,-40.7469,-40.4621,-40.115,-39.7059,-39.2357,-38.7049,-38.1145,-37.4653,-36.7583,-35.9947,-35.1755,-34.3021,-33.3759,-32.3981,-31.3704,-30.2944,-29.1716,-28.0038,-26.7929,-25.5406,-24.249,-22.92,-21.5556,-20.158,-18.7293,-17.2717,-15.7875,-14.279,-12.7484,-11.1982,-9.63075,-8.04842,-6.45368,-4.84899,-3.23682,-1.61966,-5.05226e-15,1.61966,3.23682,4.84899,6.45368,8.04842,9.63075,11.1982,12.7484,14.279,15.7875,17.2717,18.7293,20.158,21.5556,22.92,24.249,25.5406,26.7929,28.0038,29.1716,30.2944,31.3704,32.3981,33.3759,34.3021,35.1755,35.9947,36.7583,37.4653,38.1145,38.7049,39.2357,39.7059,40.115,40.4621,40.7469,40.9689,41.1277,41.223,41.2548,41.223,41.1277,40.9689,40.7469,40.4621,40.115,39.7059,39.2357,38.7049,38.1145,37.4653,36.7583,35.9947,35.1755,34.3021,33.3759,32.3981,31.3704,30.2944,29.1716,28.0038,26.7929,25.5406,24.249,22.92,21.5556,20.158,18.7293,17.2717,15.7875,14.279,12.7484,11.1982,9.63075,8.04842,6.45368,4.84899,3.23682,1.61966,0
0,-1.72217,-3.44169,-5.1559,-6.86216,-8.55785,-10.2403,-11.907,-13.5554,-15.1828,-16.7868,-18.365,-19.9148,-21.4339,-22.92,-24.3707,-25.7838,-27.1572,-28.4887,-29.7763,-31.018,-32.2118,-33.356,-34.4488,-35.4884,-36.4733,-37.402,-38.273,-39.085,-39.8367,-40.527,-41.1548,-41.7191,-42.2191,-42.654,-43.0232,-43.326,-43.562,-43.7308,-43.8322,-43.8661,-43.8322,-43.7308,-43.562,-43.326,-43.0232,-42.654,-42.2191,-41.7191,-41.1548,-40.527,-39.8367,-39.085,-38.273,-37.402,-36.4733,-35.4884,-34.4488,-33.356,-32.2118,-31.018,-29.7763,-28.4887,-27.1572,-25.7838,-24.3707,-22.92,-21.4339,-19.9148,-18.365,-16.7868,-15.1828,-13.5554,-11.907,-10.2403,-8.55785,-6.86216,-5.1559,-3.44169,-1.72217,-5.37204e-15,1.72217,3.44169,5.1559,6.86216,8.55785,10.2403,11.907,13.5554,15.1828,16.7868,18.365,19.9148,21.4339,22.92,24.3707,25.7838,27.1572,28.4887,29.7763,31.018,32.2118,33.356,34.4488,35.4884,36.4733,37.402,38.273,39.085,39.8367,40.527,41.1548,41.7191,42.2191,42.654,43.0232,43.326,43.562,43.7308,43.8322,43.8661,43.8322,43.7308,43.562,43.326,43.0232,42.654,42.2191,41.7191,41.1548,40.527,39.8367,39.085,38.273,37.402,36.4733,35.4884,34.4488,33.356,32.2118,31.018,29.7763,28.4887,27.1572,25.7838,24.3707,22.92,21.4339,19.9148,18.365,16.7868,15.1828,13.5554,11.907,10.2403,8.55785,6.86216,5.1559,3.44169,1.72217,0
0,-1.82203,-3.64126,-5.45487,-7.26007,-9.05408,-10.8341,-12.5975,-14.3414,-16.0632,-17.7602,-19.4299,-21.0695,-22.6767,-24.249,-25.7838,-27.2789,-28.7319,-30.1407,-31.5029,-32.8166,-34.0797,-35.2902,-36.4463,-37.5462,-38.5882,-39.5707,-40.4922,-41.3513,-42.1466,-42.8769,-43.5411,-44.1382,-44.6672,-45.1274,-45.5179,-45.8383,-46.088,-46.2666,-46.3739,-46.4097,-46.3739,-46.2666,-46.088,-45.8383,-45.5179,-45.1274,-44.6672,-44.1382,-43.5411,-42.8769,-42.1466,-41.3513,-40.4922,-39.5707,-38.5882,-37.5462,-36.4463,-35.2902,-34.0797,-32.8166,-31.5029,-30.1407,-28.7319,-27.2789,-25.7838,-24.249,-22.6767,-21.0695,-19.4299,-17.7602,-16.0632,-14.3414,-12.5975,-10.8341,-9.05408,-7.26007,-5.45487,-3.64126,-1.82203,-5.68354e-15,1.82203,3.64126,5.45487,7.26007,9.05408,10.8341,12.5975,14.3414,16.0632,17.7602,19.4299,21.0695,22.6767,24.249,25.7838,27.2789,28.7319,30.1407,31.5029,32.8166,34.0797,35.2902,36.4463,37.5462,38.5882,39.5707,40.4922,41.3513,42.1466,42.8769,43.5411,44.1382,44.6672,45.1274,45.5179,45.8383,46.088,46.2666,46.3739,46.4097,46.3739,46.2666,46.088,45.8383,45.5179,45.1274,44.6672,44.1382,43.5411,42.8769,42.1466,41.3513,40.4922,39.5707,38.5882,37.5462,36.4463,35.2902,34.0797,32.8166,31.5029,30.1407,28.7319,27.2789,25.7838,24.249,22.6767,21.0695,19.4299,17.7602,16.0632,14.3414,12.5975,10.8341,9.05408,7.26007,5.45487,3.64126,1.82203,0
0,-1.91909,-3.83521,-5.74543,-7.64678,-9.53635,-11.4112,-13.2685,-15.1053,-16.9188,-18.7062,-20.4648,-22.1918,-23.8846,-25.5406,-27.1572,-28.7319,-30.2624,-31.7461,-33.1809,-34.5646,-35.8949,-37.1699,-38.3876,-39.5461,-40.6436,-41.6785,-42.6491,-43.5539,-44.3916,-45.1608,-45.8604,-46.4893,-47.0464,-47.5311,-47.9425,-48.2799,-48.5429,-48.731,-48.844,-48.8817,-48.844,-48.731,-48.5429,-48.2799,-47.9425,-47.5311,-47.0464,-46.4893,-45.8604,-45.1608,-44.3916,-43.5539,-42.6491,-41.6785,-40.6436,-39.5461,-38.3876,-37.1699,-35.8949,-34.5646,-33.1809,-31.7461,-30.2624,-28.7319,-27.1572,-25.5406,-23.8846,-22.1918,-20.4648,-18.7062,-16.9188,-15.1053,-13.2685,-11.4112,-9.53635,-7.64678,-5.74543,-3.83521,-1.91909,-5.98628e-15,1.91909,3.83521,5.74543,7.64678,9.53635,11.4112,13.2685,15.1053,16.9188,18.7062,20.4648,22.1918,23.8846,25.5406,27.1572,28.7319,30.2624,31.7461,33.1809,34.5646,35.8949,37.1699,38.3876,39.5461,40.6436,41.6785,42.6491,43.5539,44.3916,45.1608,45.8604,46.4893,47.0464,47.5311,47.9425,48.2799,48.5429,48.731,48.844,48.8817,48.844,48.731,48.5429,48.2799,47.9425,47.5311,47.0464,46.4893,45.8604,45.1608,44.3916,43.5539,42.6491,41.6785,40.6436,39.5461,38.3876,37.1699,35.8949,34.5646,33.1809,31.7461,30.2624,28.7319,27.1572,25.5406,23.8846,22.1918,20.4648,18.7062,16.9188,15.1053,13.2685,11.4112,9.53635,7.64678,5.74543,3.83521,1.91909,0
0,-2.01318,-4.02325,-6.02713,-8.0217,-10.0039,-11.9707,-13.919,-15.8459,-17.7483,-19.6234,-21.4682,-23.2799,-25.0557,-26.7929,-28.4887,-30.1407,-31.7461,-33.3026,-34.8078,-36.2593,-37.6549,-38.9924,-40.2698,-41.4851,-42.6364,-43.722,-44.7402,-45.6894,-46.5681,-47.375,-48.1089,-48.7686,-49.3531,-49.8615,-50.2931,-50.647,-50.9229,-51.1203,-51.2388,-51.2784,-51.2388,-51.1203,-50.9229,-50.647,-50.2931,-49.8615,-49.3531,-48.7686,-48.1089,-47.375,-46.5681,-45.6894,-44.7402,-43.722,-42.6364,-41.4851,-40.2698,-38.9924,-37.6549,-36.2593,-34.8078,-33.3026,-31.7461,-30.1407,-28.4887,-26.7929,-25.0557,-23.2799,-21.4682,-19.6234,-17.7483,-15.8459,-13.919,-11.9707,-10.0039,-8.0217,-6.02713,-4.02325,-2.01318,-6.27979e-15,2.01318,4.02325,6.02713,8.0217,10.0039,11.9707,13.919,15.8459,17.7483,19.6234,21.4682,23.2799,25.0557,26.7929,28.4887,30.1407,31.7461,33.3026,34.8078,36.2593,37.6549,38.9924,40.2698,41.4851,42.6364,43.722,44.7402,45.6894,46.5681,47.375,48.1089,48.7686,49.3531,49.8615,50.2931,50.647,50.9229,51.1203,51.2388,51.2784,51.2388,51.1203,50.9229,50.647,50.2931,49.8615,49.3531,48.7686,48.1089,47.375,46.5681,45.6894,44.7402,43.722,42.6364,41.4851,40.2698,38.9924,37.6549,36.2593,34.8078,33.3026,31.7461,30.1407,28.4887,26.7929,25.0557,23.2799,21.4682,19.6234,17.7483,15.8459,13.919,11.9707,10.0039,8.0217,6.02713,4.02325,2.01318,0
0,-2.10417,-4.20509,-6.29953,-8.38426,-10.4561,-12.5117,-14.5481,-16.5621,-18.5505,-20.5103,-22.4385,-24.3321,-26.1881,-28.0038,-29.7763,-31.5029,-33.1809,-34.8078,-36.381,-37.8981,-39.3567,-40.7547,-42.0898,-43.36,-44.5634,-45.6981,-46.7623,-47.7543,-48.6728,-49.5162,-50.2833,-50.9728,-51.5837,-52.1151,-52.5661,-52.9361,-53.2245,-53.4307,-53.5546,-53.596,-53.5546,-53.4307,-53.2245,-52.9361,-52.5661,-52.1151,-51.5837,-50.9728,-50.2833,-49.5162,-48.6728,-47.7543,-46.7623,-45.6981,-44.5634,-43.36,-42.0898,-40.7547,-39.3567,-37.8981,-36.381,-34.8078,-33.1809,-31.5029,-29.7763,-28.0038,-26.1881,-24.3321,-22.4385,-20.5103,-18.5505,-16.5621,-14.5481,-12.5117,-10.4561,-8.38426,-6.29953,-4.20509,-2.10417,-6.56361e-15,2.10417,4.20509,6.29953,8.38426,10.4561,12.5117,14.5481,16.5621,18.5505,20.5103,22.4385,24.3321,26.1881,28.0038,29.7763,31.5029,33.1809,34.8078,36.381,37.8981,39.3567,40.7547,42.0898,43.36,44.5634,45.6981,46.7623,47.7543,48.6728,49.5162,50.2833,50.9728,51.5837,52.1151,52.5661,52.9361,53.2245,53.4307,53.5546,53.596,53.5546,53.4307,53.2245,52.9361,52.5661,52.1151,51.5837,50.9728,50.2833,49.5162,48.6728,47.7543,46.7623,45.6981,44.5634,43.36,42.0898,40.7547,39.3567,37.8981,36.381,34.8078,33.1809,31.5029,29.7763,28.0038,26.1881,24.3321,22.4385,20.5103,18.5505,16.5621,14.5481,12.5117,10.4561,8.38426,6.29953,4.20509,2.10417,0
0,-2.19191,-4.38044,-6.56222,-8.73388,-10.8921,-13.0335,-15.1548,-17.2527,-19.324,-21.3656,-23.3742,-25.3467,-27.2802,-29.1716,-31.018,-32.8166,-34.5646,-36.2593,-37.8981,-39.4784,-40.9979,-42.4542,-43.845,-45.1682,-46.4217,-47.6037,-48.7122,-49.7457,-50.7025,-51.581,-52.3801,-53.0984,-53.7348,-54.2883,-54.7581,-55.1435,-55.4439,-55.6588,-55.7879,-55.8309,-55.7879,-55.6588,-55.4439,-55.1435,-54.7581,-54.2883,-53.7348,-53.0984,-52.3801,-51.581,-50.7025,-49.7457,-48.7122,-47.6037,-46.4217,-45.1682,-43.845,-42.4542,-40.9979,-39.4784,-37.8981,-36.2593,-34.5646,-32.8166,-31.018,-29.1716,-27.2802,-25.3467,-23.3742,-21.3656,-19.324,-17.2527,-15.1548,-13.0335,-10.8921,-8.73388,-6.56222,-4.38044,-2.19191,-6.83731e-15,2.19191,4.38044,6.56222,8.73388,10.8921,13.0335,15.1548,17.2527,19.324,21.3656,23.3742,25.3467,27.2802,29.1716,31.018,32.8166,34.5646,36.2593,37.8981,39.4784,40.9979,42.4542,43.845,45.1682,46.4217,47.6037,48.7122,49.7457,50.7025,51.581,52.3801,53.0984,53.7348,54.2883,54.7581,55.1435,55.4439,55.6588,55.7879,55.8309,55.7879,55.6588,55.4439,55.1435,54.7581,54.2883,53.7348,53.0984,52.3801,51.581,50.7025,49.7457,48.7122,47.6037,46.4217,45.1682,43.845,42.4542,40.9979,39.4784,37.8981,36.2593,34.5646,32.8166,31.018,29.1716,27.2802,25.3467,23.3742,21.3656,19.324,17.2527,15.1548,13.0335,10.8921,8.73388,6.56222,4.38044,2.19191,0
0,-2.27628,-4.54904,-6.81479,-9.07004,-11.3113,-13.5351,-15.7381,-17.9167,-20.0678,-22.1879,-24.2738,-26.3223,-28.3302,-30.2944,-32.2118,-34.0797,-35.8949,-37.6549,-39.3567,-40.9979,-42.5759,-44.0882,-45.5325,-46.9066,-48.2084,-49.4359,-50.5871,-51.6604,-52.6539,-53.5663,-54.3961,-55.142,-55.8029,-56.3778,-56.8657,-57.266,-57.5779,-57.801,-57.9351,-57.9798,-57.9351,-57.801,-57.5779,-57.266,-56.8657,-56.3778,-55.8029,-55.142,-54.3961,-53.5663,-52.6539,-51.6604,-50.5871,-49.4359,-48.2084,-46.9066,-45.5325,-44.0882,-42.5759,-40.9979,-39.3567,-37.6549,-35.8949,-34.0797,-32.2118,-30.2944,-28.3302,-26.3223,-24.2738,-22.1879,-20.0678,-17.9167,-15.7381,-13.5351,-11.3113,-9.07004,-6.81479,-4.54904,-2.27628,-7.10048e-15,2.27628,4.54904,6.81479,9.07004,11.3113,13.5351,15.7381,17.9167,20.0678,22.1879,24.2738,26.3223,28.3302,30.2944,32.2118,34.0797,35.8949,37.6549,39.3567,40.9979,42.5759,44.0882,45.5325,46.9066,48.2084,49.4359,50.5871,51.6604,52.6539,53.5663,54.3961,55.142,55.8029,56.3778,56.8657,57.266,57.5779,57.801,57.9351,57.9798,57.9351,57.801,57.5779,57.266,56.8657,56.3778,55.8029,55.142,54.3961,53.5663,52.6539,51.6604,50.5871,49.4359,48.2084,46.9066,45.5325,44.0882,42.5759,40.9979,39.3567,37.6549,35.8949,34.0797,32.2118,30.2944,28.3302,26.3223,24.2738,22.1879,20.0678,17.9167,15.7381,13.5351,11.3113,9.07004,6.81479,4.54904,2.27628,0
0,-2.35713,-4.71063,-7.05686,-9.39221,-11.7131,-14.0159,-16.2971,-18.5531,-20.7806,-22.976,-25.136,-27.2572,-29.3365,-31.3704,-33.356,-35.2902,-37.1699,-38.9924,-40.7547,-42.4542,-44.0882,-45.6542,-47.1498,-48.5728,-49.9208,-51.1919,-52.384,-53.4954,-54.5242,-55.469,-56.3283,-57.1007,-57.7851,-58.3804,-58.8856,-59.3001,-59.6231,-59.8542,-59.993,-60.0392,-59.993,-59.8542,-59.6231,-59.3001,-58.8856,-58.3804,-57.7851,-57.1007,-56.3283,-55.469,-54.5242,-53.4954,-52.384,-51.1919,-49.9208,-48.5728,-47.1498,-45.6542,-44.0882,-42.4542,-40.7547,-38.9924,-37.1699,-35.2902,-33.356,-31.3704,-29.3365,-27.2572,-25.136,-22.976,-20.7806,-18.5531,-16.2971,-14.0159,-11.7131,-9.39221,-7.05686,-4.71063,-2.35713,-7.35269e-15,2.35713,4.71063,7.05686,9.39221,11.7131,14.0159,16.2971,18.5531,20.7806,22.976,25.136,27.2572,29.3365,31.3704,33.356,35.2902,37.1699,38.9924,40.7547,42.4542,44.0882,45.6542,47.1498,48.5728,49.9208,51.1919,52.384,53.4954,54.5242,55.469,56.3283,57.1007,57.7851,58.3804,58.8856,59.3001,59.6231,59.8542,59.993,60.0392,59.993,59.8542,59.6231,59.3001,58.8856,58.3804,57.7851,57.1007,56.3283,55.469,54.5242,53.4954,52.384,51.1919,49.9208,48.5728,47.1498,45.6542,44.0882,42.4542,40.7547,38.9924,37.1699,35.2902,33.356,31.3704,29.3365,27.2572,25.136,22.976,20.7806,18.5531,16.2971,14.0159,11.7131,9.39221,7.05686,4.71063,2.35713,0
0,-2.43435,-4.86495,-7.28804,-9.6999,-12.0968,-14.475,-16.831,-19.161,-21.4614,-23.7287,-25.9595,-28.1502,-30.2975,-32.3981,-34.4488,-36.4463,-38.3876,-40.2698,-42.0898,-43.845,-45.5325,-47.1498,-48.6945,-50.164,-51.5562,-52.8689,-54.1001,-55.2479,-56.3105,-57.2862,-58.1736,-58.9713,-59.6781,-60.2929,-60.8147,-61.2427,-61.5763,-61.815,-61.9583,-62.0061,-61.9583,-61.815,-61.5763,-61.2427,-60.8147,-60.2929,-59.6781,-58.9713,-58.1736,-57.2862,-56.3105,-55.2479,-54.1001,-52.8689,-51.5562,-50.164,-48.6945,-47.1498,-45.5325,-43.845,-42.0898,-40.2698,-38.3876,-36.4463,-34.4488,-32.3981,-30.2975,-28.1502,-25.9595,-23.7287,-21.4614,-19.161,-16.831,-14.475,-12.0968,-9.6999,-7.28804,-4.86495,-2.43435,-7.59356e-15,2.43435,4.86495,7.28804,9.6999,12.0968,14.475,16.831,19.161,21.4614,23.7287,25.9595,28.1502,30.2975,32.3981,34.4488,36.4463,38.3876,40.2698,42.0898,43.845,45.5325,47.1498,48.6945,50.164,51.5562,52.8689,54.1001,55.2479,56.3105,57.2862,58.1736,58.9713,59.6781,60.2929,60.8147,61.2427,61.5763,61.815,61.9583,62.0061,61.9583,61.815,61.5763,61.2427,60.8147,60.2929,59.6781,58.9713,58.1736,57.2862,56.3105,55.2479,54.1001,52.8689,51.5562,50.164,48.6945,47.1498,45.5325,43.845,42.0898,40.2698,38.3876,36.4463,34.4488,32.3981,30.2975,28.1502,25.9595,23.7287,21.4614,19.161,16.831,14.475,12.0968,9.6999,7.28804,4.86495,2.43435,0
0,-2.50782,-5.01176,-7.50799,-9.99263,-12.4619,-14.9119,-17.3389,-19.7392,-22.1091,-24.4448,-26.7429,-28.9997,-31.2119,-33.3759,-35.4884,-37.5462,-39.5461,-41.4851,-43.36,-45.1682,-46.9066,-48.5728,-50.164,-51.6779,-53.1121,-54.4645,-55.7328,-56.9152,-58.0098,-59.015,-59.9292,-60.751,-61.4792,-62.1125,-62.65,-63.091,-63.4347,-63.6805,-63.8282,-63.8774,-63.8282,-63.6805,-63.4347,-63.091,-62.65,-62.1125,-61.4792,-60.751,-59.9292,-59.015,-58.0098,-56.9152,-55.7328,-54.4645,-53.1121,-51.6779,-50.164,-48.5728,-46.9066,-45.1682,-43.36,-41.4851,-39.5461,-37.5462,-35.4884,-33.3759,-31.2119,-28.9997,-26.7429,-24.4448,-22.1091,-19.7392,-17.3389,-14.9119,-12.4619,-9.99263,-7.50799,-5.01176,-2.50782,-7.82273e-15,2.50782,5.01176,7.50799,9.99263,12.4619,14.9119,17.3389,19.7392,22.1091,24.4448,26.7429,28.9997,31.2119,33.3759,35.4884,37.5462,39.5461,41.4851,43.36,45.1682,46.9066,48.5728,50.164,51.6779,53.1121,54.4645,55.7328,56.9152,58.0098,59.015,59.9292,60.751,61.4792,62.1125,62.65,63.091,63.4347,63.6805,63.8282,63.8774,63.8282,63.6805,63.4347,63.091,62.65,62.1125,61.4792,60.751,59.9292,59.015,58.0098,56.9152,55.7328,54.4645,53.1121,51.6779,50.164,48.5728,46.9066,45.1682,43.36,41.4851,39.5461,37.5462,35.4884,33.3759,31.2119,28.9997,26.7429,24.4448,22.1091,19.7392,17.3389,14.9119,12.4619,9.99263,7.50799,5.01176,2.50782,0
0,-2.57742,-5.15086,-7.71635,-10.27,-12.8077,-15.3257,-17.8201,-20.287,-22.7227,-25.1232,-27.4851,-29.8046,-32.0781,-34.3021,-36.4733,-38.5882,-40.6436,-42.6364,-44.5634,-46.4217,-48.2084,-49.9208,-51.5562,-53.1121,-54.5862,-55.976,-57.2795,-58.4948,-59.6198,-60.6529,-61.5925,-62.4371,-63.1854,-63.8363,-64.3888,-64.8419,-65.1952,-65.4478,-65.5996,-65.6502,-65.5996,-65.4478,-65.1952,-64.8419,-64.3888,-63.8363,-63.1854,-62.4371,-61.5925,-60.6529,-59.6198,-58.4948,-57.2795,-55.976,-54.5862,-53.1121,-51.5562,-49.9208,-48.2084,-46.4217,-44.5634,-42.6364,-40.6436,-38.5882,-36.4733,-34.3021,-32.0781,-29.8046,-27.4851,-25.1232,-22.7227,-20.287,-17.8201,-15.3257,-12.8077,-10.27,-7.71635,-5.15086,-2.57742,-8.03983e-15,2.57742,5.15086,7.71635,10.27,12.8077,15.3257,17.8201,20.287,22.7227,25.1232,27.4851,29.8046,32.0781,34.3021,36.4733,38.5882,40.6436,42.6364,44.5634,46.4217,48.2084,49.9208,51.5562,53.1121,54.5862,55.976,57.2795,58.4948,59.6198,60.6529,61.5925,62.4371,63.1854,63.8363,64.3888,64.8419,65.1952,65.4478,65.5996,65.6502,65.5996,65.4478,65.1952,64.8419,64.3888,63.8363,63.1854,62.4371,61.5925,60.6529,59.6198,58.4948,57.2795,55.976,54.5862,53.1121,51.5562,49.9208,48.2084,46.4217,44.5634,42.6364,40.6436,38.5882,36.4733,34.3021,32.0781,29.8046,27.4851,25.1232,22.7227,20.287,17.8201,15.3257,12.8077,10.27,7.71635,5.15086,2.57742,0
0,-2.64304,-5.28201,-7.91283,-10.5314,-13.1338,-15.716,-18.2739,-20.8036,-23.3012,-25.7629,-28.1849,-30.5634,-32.8948,-35.1755,-37.402,-39.5707,-41.6785,-43.722,-45.6981,-47.6037,-49.4359,-51.1919,-52.8689,-54.4645,-55.976,-57.4012,-58.738,-59.9841,-61.1378,-62.1972,-63.1607,-64.0268,-64.7942,-65.4617,-66.0282,-66.4929,-66.8551,-67.1142,-67.2699,-67.3218,-67.2699,-67.1142,-66.8551,-66.4929,-66.0282,-65.4617,-64.7942,-64.0268,-63.1607,-62.1972,-61.1378,-59.9841,-58.738,-57.4012,-55.976,-54.4645,-52.8689,-51.1919,-49.4359,-47.6037,-45.6981,-43.722,-41.6785,-39.5707,-37.402,-35.1755,-32.8948,-30.5634,-28.1849,-25.7629,-23.3012,-20.8036,-18.2739,-15.716,-13.1338,-10.5314,-7.91283,-5.28201,-2.64304,-8.24454e-15,2.64304,5.28201,7.91283,10.5314,13.1338,15.716,18.2739,20.8036,23.3012,25.7629,28.1849,30.5634,32.8948,35.1755,37.402,39.5707,41.6785,43.722,45.6981,47.6037,49.4359,51.1919,52.8689,54.4645,55.976,57.4012,58.738,59.9841,61.1378,62.1972,63.1607,64.0268,64.7942,65.4617,66.0282,66.4929,66.8551,67.1142,67.2699,67.3218,67.2699,67.1142,66.8551,66.4929,66.0282,65.4617,64.7942,64.0268,63.1607,62.1972,61.1378,59.9841,58.738,57.4012,55.976,54.4645,52.8689,51.1919,49.4359,47.6037,45.6981,43.722,41.6785,39.5707,37.402,35.1755,32.8948,30.5634,28.1849,25.7629,23.3012,20.8036,18.2739,15.716,13.1338,10.5314,7.91283,5.28201,2.64304,0
0,-2.70459,-5.40501,-8.0971,-10.7767,-13.4397,-16.0819,-18.6994,-21.288,-23.8438,-26.3629,-28.8413,-31.2752,-33.6609,-35.9947,-38.273,-40.4922,-42.6491,-44.7402,-46.7623,-48.7122,-50.5871,-52.384,-54.1001,-55.7328,-57.2795,-58.738,-60.1058,-61.381,-62.5616,-63.6456,-64.6316,-65.5178,-66.3031,-66.9861,-67.5658,-68.0414,-68.412,-68.6772,-68.8364,-68.8895,-68.8364,-68.6772,-68.412,-68.0414,-67.5658,-66.9861,-66.3031,-65.5178,-64.6316,-63.6456,-62.5616,-61.381,-60.1058,-58.738,-57.2795,-55.7328,-54.1001,-52.384,-50.5871,-48.7122,-46.7623,-44.7402,-42.6491,-40.4922,-38.273,-35.9947,-33.6609,-31.2752,-28.8413,-26.3629,-23.8438,-21.288,-18.6994,-16.0819,-13.4397,-10.7767,-8.0971,-5.40501,-2.70459,-8.43653e-15,2.70459,5.40501,8.0971,10.7767,13.4397,16.0819,18.6994,21.288,23.8438,26.3629,28.8413,31.2752,33.6609,35.9947,38.273,40.4922,42.6491,44.7402,46.7623,48.7122,50.5871,52.384,54.1001,55.7328,57.2795,58.738,60.1058,61.381,62.5616,63.6456,64.6316,65.5178,66.3031,66.9861,67.5658,68.0414,68.412,68.6772,68.8364,68.8895,68.8364,68.6772,68.412,68.0414,67.5658,66.9861,66.3031,65.5178,64.6316,63.6456,62.5616,61.381,60.1058,58.738,57.2795,55.7328,54.1001,52.384,50.5871,48.7122,46.7623,44.7402,42.6491,40.4922,38.273,35.9947,33.6609,31.2752,28.8413,26.3629,23.8438,21.288,18.6994,16.0819,13.4397,10.7767,8.0971,5.40501,2.70459,0
0,-2.76197,-5.51968,-8.26888,-11.0053,-13.7248,-16.4231,-19.0961,-21.7397,-24.3497,-26.9222,-29.4532,-31.9387,-34.375,-36.7583,-39.085,-41.3513,-43.5539,-45.6894,-47.7543,-49.7457,-51.6604,-53.4954,-55.2479,-56.9152,-58.4948,-59.9841,-61.381,-62.6832,-63.8888,-64.9959,-66.0028,-66.9078,-67.7097,-68.4073,-68.9993,-69.4849,-69.8634,-70.1342,-70.2968,-70.3511,-70.2968,-70.1342,-69.8634,-69.4849,-68.9993,-68.4073,-67.7097,-66.9078,-66.0028,-64.9959,-63.8888,-62.6832,-61.381,-59.9841,-58.4948,-56.9152,-55.2479,-53.4954,-51.6604,-49.7457,-47.7543,-45.6894,-43.5539,-41.3513,-39.085,-36.7583,-34.375,-31.9387,-29.4532,-26.9222,-24.3497,-21.7397,-19.0961,-16.4231,-13.7248,-11.0053,-8.26888,-5.51968,-2.76197,-8.61552e-15,2.76197,5.51968,8.26888,11.0053,13.7248,16.4231,19.0961,21.7397,24.3497,26.9222,29.4532,31.9387,34.375,36.7583,39.085,41.3513,43.5539,45.6894,47.7543,49.7457,51.6604,53.4954,55.2479,56.9152,58.4948,59.9841,61.381,62.6832,63.8888,64.9959,66.0028,66.9078,67.7097,68.4073,68.9993,69.4849,69.8634,70.1342,70.2968,70.3511,70.2968,70.1342,69.8634,69.4849,68.9993,68.4073,67.7097,66.9078,66.0028,64.9959,63.8888,62.6832,61.381,59.9841,58.4948,56.9152,55.2479,53.4954,51.6604,49.7457,47.7543,45.6894,43.5539,41.3513,39.085,36.7583,34.375,31.9387,29.4532,26.9222,24.3497,21.7397,19.0961,16.4231,13.7248,11.0053,8.26888,5.51968,2.76197,0
0,-2.81509,-5.62584,-8.42791,-11.217,-13.9888,-16.739,-19.4634,-22.1578,-24.818,-27.44,-30.0196,-32.553,-35.0362,-37.4653,-39.8367,-42.1466,-44.3916,-46.5681,-48.6728,-50.7025,-52.6539,-54.5242,-56.3105,-58.0098,-59.6198,-61.1378,-62.5616,-63.8888,-65.1176,-66.246,-67.2722,-68.1947,-69.012,-69.7229,-70.3263,-70.8213,-71.2071,-71.4831,-71.6488,-71.7041,-71.6488,-71.4831,-71.2071,-70.8213,-70.3263,-69.7229,-69.012,-68.1947,-67.2722,-66.246,-65.1176,-63.8888,-62.5616,-61.1378,-59.6198,-58.0098,-56.3105,-54.5242,-52.6539,-50.7025,-48.6728,-46.5681,-44.3916,-42.1466,-39.8367,-37.4653,-35.0362,-32.553,-30.0196,-27.44,-24.818,-22.1578,-19.4634,-16.739,-13.9888,-11.217,-8.42791,-5.62584,-2.81509,-8.78122e-15,2.81509,5.62584,8.42791,11.217,13.9888,16.739,19.4634,22.1578,24.818,27.44,30.0196,32.553,35.0362,37.4653,39.8367,42.1466,44.3916,46.5681,48.6728,50.7025,52.6539,54.5242,56.3105,58.0098,59.6198,61.1378,62.5616,63.8888,65.1176,66.246,67.2722,68.1947,69.012,69.7229,70.3263,70.8213,71.2071,71.4831,71.6488,71.7041,71.6488,71.4831,71.2071,70.8213,70.3263,69.7229,69.012,68.1947,67.2722,66.246,65.1176,63.8888,62.5616,61.1378,59.6198,58.0098,56.3105,54.5242,52.6539,50.7025,48.6728,46.5681,44.3916,42.1466,39.8367,37.4653,35.0362,32.553,30.0196,27.44,24.818,22.1578,19.4634,16.739,13.9888,11.217,8.42791,5.62584,2.81509,0
0,-2.86387,-5.72332,-8.57395,-11.4114,-14.2312,-17.029,-19.8007,-22.5417,-25.2481,-27.9155,-30.5398,-33.1171,-35.6433,-38.1145,-40.527,-42.8769,-45.1608,-47.375,-49.5162,-51.581,-53.5663,-55.469,-57.2862,-59.015,-60.6529,-62.1972,-63.6456,-64.9959,-66.246,-67.3939,-68.4379,-69.3763,-70.2078,-70.9311,-71.545,-72.0485,-72.441,-72.7217,-72.8904,-72.9466,-72.8904,-72.7217,-72.441,-72.0485,-71.545,-70.9311,-70.2078,-69.3763,-68.4379,-67.3939,-66.246,-64.9959,-63.6456,-62.1972,-60.6529,-59.015,-57.2862,-55.469,-53.5663,-51.581,-49.5162,-47.375,-45.1608,-42.8769,-40.527,-38.1145,-35.6433,-33.1171,-30.5398,-27.9155,-25.2481,-22.5417,-19.8007,-17.029,-14.2312,-11.4114,-8.57395,-5.72332,-2.86387,-8.93338e-15,2.86387,5.72332,8.57395,11.4114,14.2312,17.029,19.8007,22.5417,25.2481,27.9155,30.5398,33.1171,35.6433,38.1145,40.527,42.8769,45.1608,47.375,49.5162,51.581,53.5663,55.469,57.2862,59.015,60.6529,62.1972,63.6456,64.9959,66.246,67.3939,68.4379,69.3763,70.2078,70.9311,71.545,72.0485,72.441,72.7217,72.8904,72.9466,72.8904,72.7217,72.441,72.0485,71.545,70.9311,70.2078,69.3763,68.4379,67.3939,66.246,64.9959,63.6456,62.1972,60.6529,59.015,57.2862,55.469,53.5663,51.581,49.5162,47.375,45.1608,42.8769,40.527,38.1145,35.6433,33.1171,30.5398,27.9155,25.2481,22.5417,19.8007,17.029,14.2312,11.4114,8.57395,5.72332,2.86387,0
0,-2.90823,-5.81198,-8.70677,-11.5881,-14.4516,-17.2928,-20.1074,-22.8909,-25.6392,-28.3479,-31.0129,-33.6301,-36.1954,-38.7049,-41.1548,-43.5411,-45.8604,-48.1089,-50.2833,-52.3801,-54.3961,-56.3283,-58.1736,-59.9292,-61.5925,-63.1607,-64.6316,-66.0028,-67.2722,-68.4379,-69.498,-70.4511,-71.2954,-72.0299,-72.6533,-73.1646,-73.5632,-73.8483,-74.0195,-74.0766,-74.0195,-73.8483,-73.5632,-73.1646,-72.6533,-72.0299,-71.2954,-70.4511,-69.498,-68.4379,-67.2722,-66.0028,-64.6316,-63.1607,-61.5925,-59.9292,-58.1736,-56.3283,-54.3961,-52.3801,-50.2833,-48.1089,-45.8604,-43.5411,-41.1548,-38.7049,-36.1954,-33.6301,-31.0129,-28.3479,-25.6392,-22.8909,-20.1074,-17.2928,-14.4516,-11.5881,-8.70677,-5.81198,-2.90823,-9.07177e-15,2.90823,5.81198,8.70677,11.5881,14.4516,17.2928,20.1074,22.8909,25.6392,28.3479,31.0129,33.6301,36.1954,38.7049,41.1548,43.5411,45.8604,48.1089,50.2833,52.3801,54.3961,56.3283,58.1736,59.9292,61.5925,63.1607,64.6316,66.0028,67.2722,68.4379,69.498,70.4511,71.2954,72.0299,72.6533,73.1646,73.5632,73.8483,74.0195,74.0766,74.0195,73.8483,73.5632,73.1646,72.6533,72.0299,71.2954,70.4511,69.498,68.4379,67.2722,66.0028,64.6316,63.1607,61.5925,59.9292,58.1736,56.3283,54.3961,52.3801,50.2833,48.1089,45.8604,43.5411,41.1548,38.7049,36.1954,33.6301,31.0129,28.3479,25.6392,22.8909,20.1074,17.2928,14.4516,11.5881,8.70677,5.81198,2.90823,0
0,-2.94811,-5.89168,-8.82617,-11.747,-14.6498,-17.53,-20.3831,-23.2048,-25.9908,-28.7366,-31.4382,-34.0912,-36.6917,-39.2357,-41.7191,-44.1382,-46.4893,-48.7686,-50.9728,-53.0984,-55.142,-57.1007,-58.9713,-60.751,-62.4371,-64.0268,-65.5178,-66.9078,-68.1947,-69.3763,-70.4511,-71.4171,-72.2731,-73.0176,-73.6495,-74.1679,-74.5719,-74.8609,-75.0345,-75.0924,-75.0345,-74.8609,-74.5719,-74.1679,-73.6495,-73.0176,-72.2731,-71.4171,-70.4511,-69.3763,-68.1947,-66.9078,-65.5178,-64.0268,-62.4371,-60.751,-58.9713,-57.1007,-55.142,-53.0984,-50.9728,-48.7686,-46.4893,-44.1382,-41.7191,-39.2357,-36.6917,-34.0912,-31.4382,-28.7366,-25.9908,-23.2048,-20.3831,-17.53,-14.6498,-11.747,-8.82617,-5.89168,-2.94811,-9.19617e-15,2.94811,5.89168,8.82617,11.747,14.6498,17.53,20.3831,23.2048,25.9908,28.7366,31.4382,34.0912,36.6917,39.2357,41.7191,44.1382,46.4893,48.7686,50.9728,53.0984,55.142,57.1007,58.9713,60.751,62.4371,64.0268,65.5178,66.9078,68.1947,69.3763,70.4511,71.4171,72.2731,73.0176,73.6495,74.1679,74.5719,74.8609,75.0345,75.0924,75.0345,74.8609,74.5719,74.1679,73.6495,73.0176,72.2731,71.4171,70.4511,69.3763,68.1947,66.9078,65.5178,64.0268,62.4371,60.751,58.9713,57.1007,55.142,53.0984,50.9728,48.7686,46.4893,44.1382,41.7191,39.2357,36.6917,34.0912,31.4382,28.7366,25.9908,23.2048,20.3831,17.53,14.6498,11.747,8.82617,5.89168,2.94811,0
0,-2.98345,-5.9623,-8.93195,-11.8878,-14.8254,-17.7401,-20.6274,-23.4829,-26.3023,-29.081,-31.815,-34.4998,-37.1315,-39.7059,-42.2191,-44.6672,-47.0464,-49.3531,-51.5837,-53.7348,-55.8029,-57.7851,-59.6781,-61.4792,-63.1854,-64.7942,-66.3031,-67.7097,-69.012,-70.2078,-71.2954,-72.2731,-73.1393,-73.8927,-74.5322,-75.0568,-75.4657,-75.7582,-75.9338,-75.9924,-75.9338,-75.7582,-75.4657,-75.0568,-74.5322,-73.8927,-73.1393,-72.2731,-71.2954,-70.2078,-69.012,-67.7097,-66.3031,-64.7942,-63.1854,-61.4792,-59.6781,-57.7851,-55.8029,-53.7348,-51.5837,-49.3531,-47.0464,-44.6672,-42.2191,-39.7059,-37.1315,-34.4998,-31.815,-29.081,-26.3023,-23.4829,-20.6274,-17.7401,-14.8254,-11.8878,-8.93195,-5.9623,-2.98345,-9.30639e-15,2.98345,5.9623,8.93195,11.8878,14.8254,17.7401,20.6274,23.4829,26.3023,29.081,31.815,34.4998,37.1315,39.7059,42.2191,44.6672,47.0464,49.3531,51.5837,53.7348,55.8029,57.7851,59.6781,61.4792,63.1854,64.7942,66.3031,67.7097,69.012,70.2078,71.2954,72.2731,73.1393,73.8927,74.5322,75.0568,75.4657,75.7582,75.9338,75.9924,75.9338,75.7582,75.4657,75.0568,74.5322,73.8927,73.1393,72.2731,71.2954,70.2078,69.012,67.7097,66.3031,64.7942,63.1854,61.4792,59.6781,57.7851,55.8029,53.7348,51.5837,49.3531,47.0464,44.6672,42.2191,39.7059,37.1315,34.4998,31.815,29.081,26.3023,23.4829,20.6274,17.7401,14.8254,11.8878,8.93195,5.9623,2.98345,0
0,-3.01418,-6.02372,-9.02396,-12.0103,-14.9781,-17.9228,-20.8399,-23.7249,-26.5732,-29.3806,-32.1427,-34.8552,-37.514,-40.115,-42.654,-45.1274,-47.5311,-49.8615,-52.1151,-54.2883,-56.3778,-58.3804,-60.2929,-62.1125,-63.8363,-65.4617,-66.9861,-68.4073,-69.7229,-70.9311,-72.0299,-73.0176,-73.8927,-74.6539,-75.3,-75.83,-76.2431,-76.5386,-76.7161,-76.7753,-76.7161,-76.5386,-76.2431,-75.83,-75.3,-74.6539,-73.8927,-73.0176,-72.0299,-70.9311,-69.7229,-68.4073,-66.9861,-65.4617,-63.8363,-62.1125,-60.2929,-58.3804,-56.3778,-54.2883,-52.1151,-49.8615,-47.5311,-45.1274,-42.654,-40.115,-37.514,-34.8552,-32.1427,-29.3806,-26.5732,-23.7249,-20.8399,-17.9228,-14.9781,-12.0103,-9.02396,-6.02372,-3.01418,-9.40226e-15,3.01418,6.02372,9.02396,12.0103,14.9781,17.9228,20.8399,23.7249,26.5732,29.3806,32.1427,34.8552,37.514,40.115,42.654,45.1274,47.5311,49.8615,52.1151,54.2883,56.3778,58.3804,60.2929,62.1125,63.8363,65.4617,66.9861,68.4073,69.7229,70.9311,72.0299,73.0176,73.8927,74.6539,75.3,75.83,76.2431,76.5386,76.7161,76.7753,76.7161,76.5386,76.2431,75.83,75.3,74.6539,73.8927,73.0176,72.0299,70.9311,69.7229,68.4073,66.9861,65.4617,63.8363,62.1125,60.2929,58.3804,56.3778,54.2883,52.1151,49.8615,47.5311,45.1274,42.654,40.115,37.514,34.8552,32.1427,29.3806,26.5732,23.7249,20.8399,17.9228,14.9781,12.0103,9.02396,6.02372,3.01418,0
0,-3.04027,-6.07585,-9.10206,-12.1142,-15.1077,-18.0779,-21.0203,-23.9302,-26.8032,-29.6349,-32.4209,-35.1569,-37.8387,-40.4621,-43.0232,-45.5179,-47.9425,-50.2931,-52.5661,-54.7581,-56.8657,-58.8856,-60.8147,-62.65,-64.3888,-66.0282,-67.5658,-68.9993,-70.3263,-71.545,-72.6533,-73.6495,-74.5322,-75.3,-75.9517,-76.4863,-76.9029,-77.201,-77.38,-77.4397,-77.38,-77.201,-76.9029,-76.4863,-75.9517,-75.3,-74.5322,-73.6495,-72.6533,-71.545,-70.3263,-68.9993,-67.5658,-66.0282,-64.3888,-62.65,-60.8147,-58.8856,-56.8657,-54.7581,-52.5661,-50.2931,-47.9425,-45.5179,-43.0232,-40.4621,-37.8387,-35.1569,-32.4209,-29.6349,-26.8032,-23.9302,-21.0203,-18.0779,-15.1077,-12.1142,-9.10206,-6.07585,-3.04027,-9.48363e-15,3.04027,6.07585,9.10206,12.1142,15.1077,18.0779,21.0203,23.9302,26.8032,29.6349,32.4209,35.1569,37.8387,40.4621,43.0232,45.5179,47.9425,50.2931,52.5661,54.7581,56.8657,58.8856,60.8147,62.65,64.3888,66.0282,67.5658,68.9993,70.3263,71.545,72.6533,73.6495,74.5322,75.3,75.9517,76.4863,76.9029,77.201,77.38,77.4397,77.38,77.201,76.9029,76.4863,75.9517,75.3,74.5322,73.6495,72.6533,71.545,70.3263,68.9993,67.5658,66.0282,64.3888,62.65,60.8147,58.8856,56.8657,54.7581,52.5661,50.2931,47.9425,45.5179,43.0232,40.4621,37.8387,35.1569,32.4209,29.6349,26.8032,23.9302,21.0203,18.0779,15.1077,12.1142,9.10206,6.07585,3.04027,0
0,-3.06167,-6.11861,-9.16612,-12.1995,-15.2141,-18.2052,-21.1682,-24.0986,-26.9919,-29.8435,-32.6491,-35.4043,-38.105,-40.7469,-43.326,-45.8383,-48.2799,-50.647,-52.9361,-55.1435,-57.266,-59.3001,-61.2427,-63.091,-64.8419,-66.4929,-68.0414,-69.4849,-70.8213,-72.0485,-73.1646,-74.1679,-75.0568,-75.83,-76.4863,-77.0246,-77.4442,-77.7443,-77.9246,-77.9847,-77.9246,-77.7443,-77.4442,-77.0246,-76.4863,-75.83,-75.0568,-74.1679,-73.1646,-72.0485,-70.8213,-69.4849,-68.0414,-66.4929,-64.8419,-63.091,-61.2427,-59.3001,-57.266,-55.1435,-52.9361,-50.647,-48.2799,-45.8383,-43.326,-40.7469,-38.105,-35.4043,-32.6491,-29.8435,-26.9919,-24.0986,-21.1682,-18.2052,-15.2141,-12.1995,-9.16612,-6.11861,-3.06167,-9.55038e-15,3.06167,6.11861,9.16612,12.1995,15.2141,18.2052,21.1682,24.0986,26.9919,29.8435,32.6491,35.4043,38.105,40.7469,43.326,45.8383,48.2799,50.647,52.9361,55.1435,57.266,59.3001,61.2427,63.091,64.8419,66.4929,68.0414,69.4849,70.8213,72.0485,73.1646,74.1679,75.0568,75.83,76.4863,77.0246,77.4442,77.7443,77.9246,77.9847,77.9246,77.7443,77.4442,77.0246,76.4863,75.83,75.0568,74.1679,73.1646,72.0485,70.8213,69.4849,68.0414,66.4929,64.8419,63.091,61.2427,59.3001,57.266,55.1435,52.9361,50.647,48.2799,45.8383,43.326,40.7469,38.105,35.4043,32.6491,29.8435,26.9919,24.0986,21.1682,18.2052,15.2141,12.1995,9.16612,6.11861,3.06167,0
0,-3.07834,-6.15194,-9.21605,-12.266,-15.2969,-18.3043,-21.2835,-24.2299,-27.1389,-30.006,-32.8269,-35.5972,-38.3126,-40.9689,-43.562,-46.088,-48.5429,-50.9229,-53.2245,-55.4439,-57.5779,-59.6231,-61.5763,-63.4347,-65.1952,-66.8551,-68.412,-69.8634,-71.2071,-72.441,-73.5632,-74.5719,-75.4657,-76.2431,-76.9029,-77.4442,-77.866,-78.1678,-78.3491,-78.4095,-78.3491,-78.1678,-77.866,-77.4442,-76.9029,-76.2431,-75.4657,-74.5719,-73.5632,-72.441,-71.2071,-69.8634,-68.412,-66.8551,-65.1952,-63.4347,-61.5763,-59.6231,-57.5779,-55.4439,-53.2245,-50.9229,-48.5429,-46.088,-43.562,-40.9689,-38.3126,-35.5972,-32.8269,-30.006,-27.1389,-24.2299,-21.2835,-18.3043,-15.2969,-12.266,-9.21605,-6.15194,-3.07834,-9.6024e-15,3.07834,6.15194,9.21605,12.266,15.2969,18.3043,21.2835,24.2299,27.1389,30.006,32.8269,35.5972,38.3126,40.9689,43.562,46.088,48.5429,50.9229,53.2245,55.4439,57.5779,59.6231,61.5763,63.4347,65.1952,66.8551,68.412,69.8634,71.2071,72.441,73.5632,74.5719,75.4657,76.2431,76.9029,77.4442,77.866,78.1678,78.3491,78.4095,78.3491,78.1678,77.866,77.4442,76.9029,76.2431,75.4657,74.5719,73.5632,72.441,71.2071,69.8634,68.412,66.8551,65.1952,63.4347,61.5763,59.6231,57.5779,55.4439,53.2245,50.9229,48.5429,46.088,43.562,40.9689,38.3126,35.5972,32.8269,30.006,27.1389,24.2299,21.2835,18.3043,15.2969,12.266,9.21605,6.15194,3.07834,0
0,-3.09028,-6.17579,-9.25177,-12.3135,-15.3562,-18.3753,-21.366,-24.3238,-27.2441,-30.1223,-32.9541,-35.7352,-38.4611,-41.1277,-43.7308,-46.2666,-48.731,-51.1203,-53.4307,-55.6588,-57.801,-59.8542,-61.815,-63.6805,-65.4478,-67.1142,-68.6772,-70.1342,-71.4831,-72.7217,-73.8483,-74.8609,-75.7582,-76.5386,-77.201,-77.7443,-78.1678,-78.4708,-78.6528,-78.7134,-78.6528,-78.4708,-78.1678,-77.7443,-77.201,-76.5386,-75.7582,-74.8609,-73.8483,-72.7217,-71.4831,-70.1342,-68.6772,-67.1142,-65.4478,-63.6805,-61.815,-59.8542,-57.801,-55.6588,-53.4307,-51.1203,-48.731,-46.2666,-43.7308,-41.1277,-38.4611,-35.7352,-32.9541,-30.1223,-27.2441,-24.3238,-21.366,-18.3753,-15.3562,-12.3135,-9.25177,-6.17579,-3.09028,-9.63962e-15,3.09028,6.17579,9.25177,12.3135,15.3562,18.3753,21.366,24.3238,27.2441,30.1223,32.9541,35.7352,38.4611,41.1277,43.7308,46.2666,48.731,51.1203,53.4307,55.6588,57.801,59.8542,61.815,63.6805,65.4478,67.1142,68.6772,70.1342,71.4831,72.7217,73.8483,74.8609,75.7582,76.5386,77.201,77.7443,78.1678,78.4708,78.6528,78.7134,78.6528,78.4708,78.1678,77.7443,77.201,76.5386,75.7582,74.8609,73.8483,72.7217,71.4831,70.1342,68.6772,67.1142,65.4478,63.6805,61.815,59.8542,57.801,55.6588,53.4307,51.1203,48.731,46.2666,43.7308,41.1277,38.4611,35.7352,32.9541,30.1223,27.2441,24.3238,21.366,18.3753,15.3562,12.3135,9.25177,6.17579,3.09028,0
0,-3.09744,-6.19011,-9.27323,-12.342,-15.3918,-18.4179,-21.4156,-24.3802,-27.3072,-30.1922,-33.0306,-35.818,-38.5502,-41.223,-43.8322,-46.3739,-48.844,-51.2388,-53.5546,-55.7879,-57.9351,-59.993,-61.9583,-63.8282,-65.5996,-67.2699,-68.8364,-70.2968,-71.6488,-72.8904,-74.0195,-75.0345,-75.9338,-76.7161,-77.38,-77.9246,-78.3491,-78.6528,-78.8351,-78.896,-78.8351,-78.6528,-78.3491,-77.9246,-77.38,-76.7161,-75.9338,-75.0345,-74.0195,-72.8904,-71.6488,-70.2968,-68.8364,-67.2699,-65.5996,-63.8282,-61.9583,-59.993,-57.9351,-55.7879,-53.5546,-51.2388,-48.844,-46.3739,-43.8322,-41.223,-38.5502,-35.818,-33.0306,-30.1922,-27.3072,-24.3802,-21.4156,-18.4179,-15.3918,-12.342,-9.27323,-6.19011,-3.09744,-9.66197e-15,3.09744,6.19011,9.27323,12.342,15.3918,18.4179,21.4156,24.3802,27.3072,30.1922,33.0306,35.818,38.5502,41.223,43.8322,46.3739,48.844,51.2388,53.5546,55.7879,57.9351,59.993,61.9583,63.8282,65.5996,67.2699,68.8364,70.2968,71.6488,72.8904,74.0195,75.0345,75.9338,76.7161,77.38,77.9246,78.3491,78.6528,78.8351,78.896,78.8351,78.6528,78.3491,77.9246,77.38,76.7161,75.9338,75.0345,74.0195,72.8904,71.6488,70.2968,68.8364,67.2699,65.5996,63.8282,61.9583,59.993,57.9351,55.7879,53.5546,51.2388,48.844,46.3739,43.8322,41.223,38.5502,35.818,33.0306,30.1922,27.3072,24.3802,21.4156,18.4179,15.3918,12.342,9.27323,6.19011,3.09744,0
0,-3.09983,-6.19488,-9.28038,-12.3516,-15.4037,-18.4321,-21.4321,-24.399,-27.3283,-30.2155,-33.056,-35.8457,-38.58,-41.2548,-43.8661,-46.4097,-48.8817,-51.2784,-53.596,-55.8309,-57.9798,-60.0392,-62.0061,-63.8774,-65.6502,-67.3218,-68.8895,-70.3511,-71.7041,-72.9466,-74.0766,-75.0924,-75.9924,-76.7753,-77.4397,-77.9847,-78.4095,-78.7134,-78.896,-78.9568,-78.896,-78.7134,-78.4095,-77.9847,-77.4397,-76.7753,-75.9924,-75.0924,-74.0766,-72.9466,-71.7041,-70.3511,-68.8895,-67.3218,-65.6502,-63.8774,-62.0061,-60.0392,-57.9798,-55.8309,-53.596,-51.2784,-48.8817,-46.4097,-43.8661,-41.2548,-38.58,-35.8457,-33.056,-30.2155,-27.3283,-24.399,-21.4321,-18.4321,-15.4037,-12.3516,-9.28038,-6.19488,-3.09983,-9.66942e-15,3.09983,6.19488,9.28038,12.3516,15.4037,18.4321,21.4321,24.399,27.3283,30.2155,33.056,35.8457,38.58,41.2548,43.8661,46.4097,48.8817,51.2784,53.596,55.8309,57.9798,60.0392,62.0061,63.8774,65.6502,67.3218,68.8895,70.3511,71.7041,72.9466,74.0766,75.0924,75.9924,76.7753,77.4397,77.9847,78.4095,78.7134,78.896,78.9568,78.896,78.7134,78.4095,77.9847,77.4397,76.7753,75.9924,75.0924,74.0766,72.9466,71.7041,70.3511,68.8895,67.3218,65.6502,63.8774,62.0061,60.0392,57.9798,55.8309,53.596,51.2784,48.8817,46.4097,43.8661,41.2548,38.58,35.8457,33.056,30.2155,27.3283,24.399,21.4321,18.4321,15.4037,12.3516,9.28038,6.19488,3.09983,0
